aspect_ratio,branch,mae,rmse,r2,mae_p60,rmse_p60,r2_p60,relative_error_pct,prediction_eff_pct,T_range,T_mean
0.3,XGBoost,0.045483340602439706,0.0458230697849624,-66.63240622631787,0.04187051413161937,0.042081750578921995,-98.76620873123333,0.012884661684534435,-132.3266193364451,0.019577326408978024,353.0037630482276
0.3,LSTM,0.07799387723207474,0.278848797082901,-2474.52099609375,0.038903702050447464,0.03890448063611984,-83.98302459716797,0.022094376494012778,-296.84834924543867,0.0196533203125,353.0032958984375
0.3,Ensemble,0.009320015034029943,0.009511805928042861,-24.049880659309604,0.008038427156036905,0.008141007665466096,-38.932649755559765,0.0026401693981904875,-41.14538327934794,0.006603131336987644,353.00822138222156
0.4,XGBoost,0.846245503627306,0.8580009474032999,-43.97583589662776,0.750696055151,0.7564103839168007,-67.07030172063291,0.20473836100397252,-89.43789962111859,0.4467139391430237,413.33021299847485
0.4,LSTM,1.1177902221679688,1.5365934371948242,-147.09483337402344,0.9320959448814392,0.9324163198471069,-163.27206420898438,0.27044415372803915,-153.7074877052019,0.440582275390625,413.31646728515625
0.4,Ensemble,0.20913566072020542,0.21409775104376147,-18.80581427808695,0.178423588831178,0.18109708079262166,-31.874912535969223,0.05058564099600475,-25.320148020769672,0.1668811153060119,413.428903148075
0.5,XGBoost,0.28112161630793214,0.2837142482970842,-53.94255861091955,0.25606644063049594,0.25762548629565707,-81.82671110458243,0.0676999284820142,-109.6231074750838,0.13410812371500924,415.246548425258
0.5,LSTM,1.6381075382232666,1.7625043392181396,-2109.03564453125,1.5727142095565796,1.5736621618270874,-2468.514404296875,0.39449350145038947,-1119.3890916060882,0.13433837890625,415.24322509765625
0.5,Ensemble,0.06429508936458075,0.06573292963605029,-22.20534249758377,0.05504185037364859,0.05579719472629451,-36.33277672276395,0.015482449912743577,-35.7146699450926,0.0473751948780432,415.2772314907318
