run,TestTimes,VoltageV,CurrentA,SurfaceTempdegC,TsurfaceK,deltaTK,SoCproxy,powerW,dVdt,dTdt,window_mean_temp_C,window_max_temp_C,temp_rise_from_start_C
k3,4732.146528,3.010021686553955,-16.747474670410156,25.35446548461914,298.5044654846191,0.3544654846191406,0.3000127567964441,50.41026195294762,-1.1585049629211426,0.046844482421875,25.31698989868164,25.815196990966797,-0.46073150634765625
k3,4733.145728,2.9994890689849854,-16.74761962890625,25.35446548461914,298.5044654846191,0.3544654846191406,0.29381709940293255,50.234302008422674,-0.010532617568969727,0.0,25.326358795166016,25.815196990966797,-0.46073150634765625
k3,4734.145728,2.9861769676208496,-16.747161865234375,25.35446548461914,298.5044654846191,0.3544654846191406,0.28598645154167623,50.00998903498112,-0.013312101364135742,0.0,25.33572769165039,25.815196990966797,-0.46073150634765625
k3,4735.145528,2.975905179977417,-16.747283935546875,25.43512725830078,298.58512725830076,0.43512725830078125,0.27994422351612763,49.83832901434653,-0.010271787643432617,0.08066177368164062,25.361228942871094,25.815196990966797,-0.3800697326660156
k3,4736.146328000001,2.9673197269439697,-16.74742889404297,25.43512725830078,298.58512725830076,0.43512725830078125,0.2748939570258645,49.69497613288513,-0.008585453033447266,0.0,25.386730194091797,25.815196990966797,-0.3800697326660156
k3,4737.146428,2.9576330184936523,-16.747230529785156,25.71014515415856,298.86014515415854,0.7101451541585675,0.2691958932315602,49.53216198321752,-0.009686708450317383,0.27501789585777914,25.45786612799968,25.815196990966797,-0.10505183680823649
k3,4738.145428000001,2.950178623199463,-16.747230529785156,25.710172653198242,298.8601726531982,0.7101726531982422,0.26481095482321343,49.407321506765584,-0.007454395294189453,2.7499039681799786e-05,25.5290075617155,25.815196990966797,-0.10502433776855469
k3,4739.146428,2.941124677658081,-16.747657775878906,25.710172653198242,298.8601726531982,0.7101726531982422,0.25948510450475354,49.2569495776097,-0.009053945541381836,0.0,25.600148995431322,25.815196990966797,-0.10502433776855469
k3,4740.146628,2.932788610458374,-16.746910095214844,26.168701099982336,299.3187010999823,1.1687010999823428,0.2545815355637494,49.11514718761646,-0.008336067199707031,0.45852844678409355,25.746863763767628,26.168701099982336,0.35350410901553886
k3,4741.145728,2.924478054046631,-16.747535705566406,26.168746948242188,299.31874694824216,1.1687469482421875,0.24969297296860637,48.97780063029131,-0.008310556411743164,4.5848259851766215e-05,25.893587701755912,26.168746948242188,0.3535499572753906
k3,4742.146728000001,2.917968273162842,-16.747390747070312,26.168746948242188,299.31874694824216,1.1687469482421875,0.24586369009578926,48.868354858212115,-0.0065097808837890625,0.0,25.985308060572642,26.168746948242188,0.3535499572753906
k3,4743.146028,2.9103591442108154,-16.74756622314453,26.553564071655273,299.70356407165525,1.5535640716552734,0.24138773188871493,48.741432500804876,-0.007609128952026367,0.38481712341308594,26.153986344264048,26.553564071655273,0.7383670806884766
k3,4744.145928000001,2.901963233947754,-16.747390747070312,26.553564071655273,299.70356407165525,1.5535640716552734,0.23644896114573757,48.600312212554854,-0.008395910263061523,0.0,26.322664627955454,26.553564071655273,0.7383670806884766
k3,4745.145828000001,2.8945693969726562,-16.747283935546875,26.553564071655273,299.70356407165525,1.5535640716552734,0.23209964527803306,48.47617556224577,-0.007393836975097656,0.0,26.39963722229004,26.553564071655273,0.7383670806884766
k3,4746.146028,2.8882875442504883,-16.747512817382812,27.10651969909668,300.25651969909666,2.1065196990966797,0.22840443779440484,48.37163266762218,-0.006281852722167969,0.5529556274414062,26.587191772460937,27.10651969909668,1.2913227081298828
k3,4747.145828000001,2.8820595741271973,-16.74683380126953,27.10651969909668,300.25651969909666,2.1065196990966797,0.22474092595717485,48.26537269326582,-0.006227970123291016,0.0,26.774746322631835,27.10651969909668,1.2913227081298828
k3,4748.145728,2.877028226852417,-16.74713897705078,27.10651969909668,300.25651969909666,2.1065196990966797,0.22178130991318645,48.18199155599541,-0.0050313472747802734,0.0,26.88533744812012,27.10651969909668,1.2913227081298828
k3,4749.147028,2.873504400253296,-16.747154235839844,27.634809494018555,300.78480949401853,2.6348094940185547,0.21970847073723285,48.123021388406414,-0.0035238265991210938,0.528289794921875,27.101586532592773,27.634809494018555,1.8196125030517578
k3,4750.146728000001,2.866867780685425,-16.747215270996094,27.634809494018555,300.78480949401853,2.6348094940185547,0.21580457687377927,48.012051876621626,-0.006636619567871094,0.0,27.31783561706543,27.634809494018555,1.8196125030517578
k3,4751.146628,2.8621532917022705,-16.747215270996094,27.634809494018555,300.78480949401853,2.6348094940185547,0.2130313480601591,47.933097314728,-0.004714488983154297,0.0,27.423493576049804,27.634809494018555,1.8196125030517578
k3,4752.145928000001,2.856989860534668,-16.74713897705078,28.247882843017578,301.39788284301756,3.247882843017578,0.2099940356086282,47.84640625039901,-0.005163431167602539,0.6130733489990234,27.651766204833983,28.247882843017578,2.4326858520507812
k3,4753.146328000001,2.852621078491211,-16.747047424316406,28.247882843017578,301.39788284301756,3.247882843017578,0.20742416381835935,47.77298048509692,-0.004368782043457031,0.0,27.880038833618165,28.247882843017578,2.4326858520507812
k3,4754.145928000001,2.84554123878479,-16.747215270996094,28.826546947781495,301.97654694778146,3.8265469477814804,0.20325955222634706,47.65489168842578,-0.0070798397064208984,0.5786641047639165,28.11838632437075,28.826546947781495,3.0113499568146977
k3,4755.146128,2.839906930923462,-16.747230529785156,28.82660484313965,301.9766048431396,3.8266048431396484,0.19994525348438935,47.560576055309866,-0.005634307861328125,5.7895358153814414e-05,28.356745394194967,28.82660484313965,3.0114078521728516
k3,4756.145428000001,2.8332390785217285,-16.7471923828125,28.82660484313965,301.9766048431396,3.8266048431396484,0.19602298736572263,47.4487999145058,-0.0066678524017333984,0.0,28.595104464019187,28.82660484313965,3.0114078521728516
k3,4757.146928,2.8279175758361816,-16.747154235839844,29.42745018005371,302.5774501800537,4.427450180053711,0.1928926916683421,47.35957180877085,-0.005321502685546875,0.6008453369140625,28.831017931426413,29.42745018005371,3.612253189086914
k3,4758.146128,2.822910785675049,-16.747634887695312,29.42745018005371,302.5774501800537,4.427450180053711,0.18994752098532283,47.27707915902283,-0.0050067901611328125,0.0,29.06693139883364,29.42745018005371,3.612253189086914
k3,4759.145728,2.8177390098571777,-16.746963500976562,29.42745018005371,302.5774501800537,4.427450180053711,0.1869052999159869,47.188572353355994,-0.005171775817871094,0.0,29.187112045288085,29.42745018005371,3.612253189086914
k3,4760.146028,2.816133499145508,-16.74779510498047,30.127641677856445,303.2776416778564,5.127641677856445,0.1859608818502987,47.164026831960655,-0.0016055107116699219,0.7001914978027344,29.447319412231444,30.127641677856445,4.312444686889648
k3,4761.146028,2.811363935470581,-16.747230529785156,30.127641677856445,303.2776416778564,5.127641677856445,0.1831552561591653,47.08255993044986,-0.004769563674926758,0.0,29.707526779174806,30.127641677856445,4.312444686889648
k3,4762.145928000001,2.80899715423584,-16.74736785888672,30.127641677856445,303.2776416778564,5.127641677856445,0.18176303190343518,47.04330865655356,-0.002366781234741211,0.0,29.84756507873535,30.127641677856445,4.312444686889648
k3,4763.146928,2.8058269023895264,-16.74736785888672,30.687196139546185,303.83719613954617,5.687196139546188,0.17989817787619197,46.99021528267804,-0.0031702518463134766,0.5595544616897392,30.099514270633847,30.687196139546185,4.871999148579388
k3,4764.145728,2.8014817237854004,-16.747604370117188,30.687252044677734,303.8372520446777,5.687252044677734,0.1773421904620002,46.9181075600718,-0.0043451786041259766,5.590513154984933e-05,30.351474643558653,30.687252044677734,4.8720550537109375
k3,4765.145628,2.796975612640381,-16.74713897705078,30.687252044677734,303.8372520446777,5.687252044677734,0.17469153684728284,46.84133930031021,-0.004506111145019531,0.0,30.463396716922908,30.687252044677734,4.8720550537109375
k3,4766.146328000001,2.7895350456237793,-16.7470703125,31.324917967466238,304.47491796746624,6.324917967466263,0.17031473271987016,46.71653954824433,-0.0074405670166015625,0.6376659227885035,30.70285197484487,31.324917967466238,5.509720976499441
k3,4767.146728000001,2.7810120582580566,-16.747177124023438,31.324981689453125,304.4749816894531,6.324981689453125,0.1653012107400333,46.57410152369266,-0.008522987365722656,6.372198688708863e-05,30.942319977164203,31.324981689453125,5.509784698486328
k3,4768.146728000001,2.774134874343872,-16.747215270996094,31.324981689453125,304.4749816894531,6.324981689453125,0.16125580843757178,46.459033931414524,-0.00687718391418457,0.0,31.069877087145592,31.324981689453125,5.509784698486328
k3,4769.146128,2.763711929321289,-16.74749755859375,31.963722229003906,305.1137222290039,6.963722229003906,0.1551246643066406,46.28525878896471,-0.010422945022583008,0.6387405395507812,31.325171124010826,31.963722229003906,6.148525238037109
k3,4770.147028,2.750744581222534,-16.747230529785156,31.963722229003906,305.1137222290039,6.963722229003906,0.1474968124838436,46.06735363029111,-0.012967348098754883,0.0,31.58046516087606,31.963722229003906,6.148525238037109
k3,4771.146928,2.746608018875122,-16.747833251953125,31.963722229003906,305.1137222290039,6.963722229003906,0.14506354051477768,45.999733108597866,-0.004136562347412109,0.0,31.708226013183594,31.963722229003906,6.148525238037109
k3,4772.1462280000005,2.7402424812316895,-16.748458862304688,32.591447956160785,305.74144795616075,7.591447956160778,0.14131910660687613,45.894838469648676,-0.006365537643432617,0.6277257271568786,31.961519266525123,32.591447956160785,6.776250965193988
k3,4773.146928,2.7086381912231445,-16.74828338623047,32.59151077270508,305.74151077270506,7.591510772705078,0.1227283477783203,45.36504001737194,-0.03160429000854492,6.28165442932982e-05,32.21482508317551,32.59151077270508,6.776313781738281
k3,4774.145728,2.69998836517334,-16.747581481933594,33.22611999511719,306.37611999511716,8.226119995117188,0.11764021480784695,45.218275146013184,-0.008649826049804688,0.6346092224121094,32.46730463639817,33.22611999511719,7.410923004150391
k3,4775.146728000001,2.69683575630188,-16.748565673828125,33.22611999511719,306.37611999511716,8.226119995117188,0.1157857390011058,45.168130775949976,-0.003152608871459961,0.0,32.719784189620825,33.22611999511719,7.410923004150391
k3,4776.145728,2.7007124423980713,-16.7486572265625,33.22611999511719,306.37611999511716,8.226119995117188,0.11806614258710074,45.233306965237716,0.0038766860961914062,0.0,32.97226374284348,33.22611999511719,7.410923004150391
k3,4777.145428000001,2.689772367477417,-16.748153686523438,33.89642495378348,307.04642495378346,8.89642495378348,0.11163080439848057,45.048720992275776,-0.010940074920654297,0.6703049586662928,33.23325914236803,33.89642495378348,8.081227962816683
k3,4778.145928000001,2.669872283935547,-16.74817657470703,33.89649200439453,307.0464920043945,8.896492004394531,0.09992487290326285,44.715492443268886,-0.019900083541870117,6.705061105094501e-05,33.494255388705916,33.89649200439453,8.081295013427734
k3,4779.145828000001,2.6762287616729736,-16.74895477294922,33.89649200439453,307.0464920043945,8.896492004394531,0.10366397745469036,44.82403449132653,0.006356477737426758,0.0,33.62832979056138,33.89649200439453,8.081295013427734
k3,4780.1462280000005,2.6667933464050293,-16.74901580810547,34.57783126831055,307.7278312683105,9.577831268310547,0.098113733179429,44.66616391588832,-0.009435415267944336,0.6813392639160156,33.89867204520006,34.57783126831055,8.76263427734375
k3,4781.145828000001,2.657409906387329,-16.747711181640625,34.57783126831055,307.7278312683105,9.577831268310547,0.09259406258078182,44.50553360340564,-0.009383440017700195,0.0,34.16901429983873,34.57783126831055,8.76263427734375
k3,4782.146828000001,2.6401939392089844,-16.746780395507812,34.57783126831055,307.7278312683105,9.577831268310547,0.08246702306410844,44.214748101483565,-0.017215967178344727,0.0,34.30529556274414,34.57783126831055,8.76263427734375
k3,4783.146128,2.6367039680480957,-16.74749755859375,35.23469454550497,308.38469454550494,10.234694545504965,0.08041409885182099,44.158193267619936,-0.003489971160888672,0.6568632771944252,34.57293607096623,35.23469454550497,9.419497554538175
k3,4784.146028,2.640367031097412,-16.74908447265625,35.23476028442383,308.3847602844238,10.234760284423828,0.08256884182200712,44.22373044266715,0.0036630630493164062,6.573891885608418e-05,34.840589726972084,35.23476028442383,9.419563293457031
k3,4785.145928000001,2.63576340675354,-16.74671173095703,35.23476028442383,308.3847602844238,10.234760284423828,0.07986082750208237,44.14036996390678,-0.00460362434387207,0.0,34.97197553019474,35.23476028442383,9.419563293457031
k3,4786.145928000001,2.6278014183044434,-16.74767303466797,35.886322021484375,309.03632202148435,10.886322021484375,0.07517730488496667,44.00955895379957,-0.00796198844909668,0.6515617370605469,35.23367368082951,35.886322021484375,10.071125030517578
k3,4787.145728,2.622417449951172,-16.747642517089844,35.886322021484375,309.03632202148435,10.886322021484375,0.07201026467715992,43.91930998236057,-0.005383968353271484,0.0,35.495371831464276,35.886322021484375,10.071125030517578
k3,4788.145928000001,2.6216001510620117,-16.748802185058594,35.886322021484375,309.03632202148435,10.886322021484375,0.07152950062471276,43.90866233845736,-0.0008172988891601562,0.0,35.62569732666016,35.886322021484375,10.071125030517578
k3,4789.145528,2.614368200302124,-16.74829864501953,36.45729064941406,309.60729064941404,11.457290649414062,0.0672754119424259,43.786219386702214,-0.007231950759887695,0.5709686279296875,35.8702033996582,36.45729064941406,10.642093658447266
k3,4790.145728,2.6048572063446045,-16.7479248046875,36.45729064941406,309.60729064941404,11.457290649414062,0.06168070961447322,43.62595261880779,-0.009510993957519531,0.0,36.11470947265625,36.45729064941406,10.642093658447266
k3,4791.145828000001,2.6059913635253906,-16.748046875,37.11925754039866,310.26925754039866,12.119257540398678,0.062347860897288596,43.64526551216841,0.0011341571807861328,0.6619668909845942,36.36129657643911,37.11925754039866,11.30406054943186
k3,4792.145728,2.598208427429199,-16.748443603515625,37.11932373046875,310.2693237304687,12.11932373046875,0.05776966319364659,43.51594731697696,-0.007782936096191406,6.619007009334155e-05,36.60789691823599,37.11932373046875,11.304126739501953
k3,4793.146728000001,2.5862886905670166,-16.747817993164062,37.11932373046875,310.2693237304687,12.11932373046875,0.050758053274715643,43.314692267395,-0.011919736862182617,0.0,36.85449726003286,37.11932373046875,11.304126739501953
k3,4794.145528,2.575078010559082,-16.74756622314453,37.69428253173828,310.84428253173826,12.694282531738281,0.04416353562298943,43.1262895116015,-0.01121068000793457,0.5749588012695312,37.1018956364977,37.69428253173828,11.879085540771484
k3,4795.146028,2.5788044929504395,-16.74872589111328,37.69428253173828,310.84428253173826,12.694282531738281,0.046355584088493794,43.19168957919828,0.003726482391357422,0.0,37.349294012962545,37.69428253173828,11.879085540771484
k3,4796.1462280000005,2.5594658851623535,-16.747909545898438,37.69428253173828,310.84428253173826,12.694282531738281,0.03497993244844324,42.865703130511974,-0.019338607788085938,0.0,37.464299011230466,37.69428253173828,11.879085540771484
k3,4797.146028,2.5425002574920654,-16.74810028076172,38.23347802156925,311.3834780215692,13.233478021569226,0.02500015146592084,42.5820492763396,-0.016965627670288086,0.5391954898309663,37.687129869450565,38.23347802156925,12.41828103060245
k3,4798.146028,2.51914381980896,-16.748085021972656,38.2335319519043,311.3835319519043,13.233531951904297,0.0112610704758588,42.190834876737426,-0.02335643768310547,5.393033504930145e-05,37.90997151373767,38.2335319519043,12.4183349609375
k3,4799.145628,2.5098230838775635,-16.748794555664062,38.2335319519043,311.3835319519043,13.233531951904297,0.005778284633860868,42.03651120292852,-0.009320735931396484,0.0,38.017821397770874,38.2335319519043,12.4183349609375
k3,4799.162928000001,2.499048948287964,-16.748367309570312,38.2335319519043,311.3835319519043,13.233531951904297,-0.0005594421835506663,41.854989710522204,-0.01077413558959961,0.0,38.12567128180408,38.2335319519043,12.4183349609375
k4,12226.886608,3.1624257564544678,-16.746536254882812,24.740158081054688,297.89015808105466,-0.2598419189453125,0.38966220967909865,52.95967758383995,-1.0164282321929932,0.0,24.738057708740236,27.11008644104004,0.030788421630859375
k4,12227.886208,3.1347129344940186,-16.746658325195312,24.740158081054688,297.89015808105466,-0.2598419189453125,0.3733605497023638,52.495966461541684,-0.02771282196044922,0.0,24.73910789489746,27.11008644104004,0.030788421630859375
k4,12228.886408,3.1162896156311035,-16.747047424316406,24.835203170776367,297.98520317077634,-0.1647968292236328,0.3625233033124138,52.188649980878836,-0.01842331886291504,0.09504508972167969,24.759167098999022,27.11008644104004,0.12583351135253906
k4,12229.886008,3.0986127853393555,-16.747055053710938,24.835203170776367,297.98520317077634,-0.1647968292236328,0.35212516784667963,51.89263890621078,-0.017676830291748047,0.0,24.77817611694336,27.11008644104004,0.12583351135253906
k4,12230.886308,3.079972267150879,-16.746856689453125,24.835203170776367,297.98520317077634,-0.1647968292236328,0.3411601571475758,51.579854165465804,-0.018640518188476562,0.0,24.797185134887695,27.11008644104004,0.12583351135253906
k4,12231.887008,3.06730318069458,-16.74694061279297,25.160535726806433,298.3105357268064,0.16053572680641537,0.33370775334975294,51.36794420852311,-0.012669086456298828,0.32533255603006594,24.881260664038045,27.11008644104004,0.451166067382605
k4,12232.886508,3.052276849746704,-16.746856689453125,25.160568237304688,298.31056823730466,0.1605682373046875,0.32486873514512005,51.1160429792435,-0.015026330947875977,3.25104982543678e-05,24.965342695288044,27.11008644104004,0.4511985778808594
k4,12233.887107999999,3.041644334793091,-16.746856689453125,25.160568237304688,298.31056823730466,0.1605682373046875,0.31861431458417105,50.93798177506687,-0.010632514953613281,0.0,25.030415708593708,27.11008644104004,0.4511985778808594
k4,12234.886608,3.029853105545044,-16.746849060058594,25.541809085847472,298.69180908584747,0.5418090858474898,0.3116782973794376,50.74049263271263,-0.011791229248046875,0.3812408485427845,25.171736891607928,27.11008644104004,0.8324394264236439
k4,12235.886208,3.0189216136932373,-16.746742248535156,25.541847229003906,298.6918472290039,0.5418472290039062,0.3052480080548454,50.55710213305247,-0.01093149185180664,3.814315643424493e-05,25.313065703253436,27.11008644104004,0.8324775695800781
k4,12236.887508,3.012063503265381,-16.74749755859375,26.0266056060791,299.1766056060791,1.0266056060791016,0.301213825450224,50.444526167266304,-0.006858110427856445,0.4847583770751953,25.486279679107973,27.11008644104004,1.3172359466552734
k4,12237.886308,3.003716230392456,-16.747604370117188,26.0266056060791,299.1766056060791,1.0266056060791016,0.2963036649367388,50.30505106671262,-0.008347272872924805,0.0,25.65948715286285,27.11008644104004,1.3172359466552734
k4,12238.887008,2.9987711906433105,-16.7470703125,26.0266056060791,299.1766056060791,1.0266056060791016,0.2933948180254768,50.220631980802864,-0.004945039749145508,0.0,25.832694626617734,27.11008644104004,1.3172359466552734
k4,12239.886108,2.993290662765503,-16.747634887695312,26.516985443568828,299.6669854435688,1.5169854435688421,0.29017097809735465,50.13053913274416,-0.005480527877807617,0.49037983748972636,26.027729898162004,27.11008644104004,1.8076157841449998
k4,12240.887107999999,2.985931873321533,-16.747207641601562,26.51703453063965,299.6670345306396,1.5170345306396484,0.2858422784244313,50.00602108619205,-0.0073587894439697266,4.908707082051933e-05,26.222767358489154,27.11008644104004,1.8076648712158203
k4,12241.887008,2.9808084964752197,-16.747314453125,26.51703453063965,299.6670345306396,1.5170345306396484,0.2828285273383645,49.92053721501725,-0.0051233768463134766,0.0,26.320853143401262,27.11008644104004,1.8076648712158203
k4,12242.886608,2.975876569747925,-16.747085571289062,27.04442596435547,300.19442596435545,2.0444259643554688,0.2799273939693675,49.83725956316266,-0.004931926727294922,0.5273914337158203,26.524417215056538,27.11008644104004,2.3350563049316406
k4,12243.887608,2.9687061309814453,-16.747283935546875,27.04442596435547,300.19442596435545,2.0444259643554688,0.27570948881261487,49.717764496745076,-0.007170438766479492,0.0,26.72798128671181,27.11008644104004,2.3350563049316406
k4,12244.886408,2.9623911380767822,-16.747047424316406,27.04442596435547,300.19442596435545,2.0444259643554688,0.2719947871039895,49.61130487874652,-0.006314992904663086,0.0,26.83346939086914,27.11008644104004,2.3350563049316406
k4,12245.886208,2.9557321071624756,-16.7470703125,27.61474609375,300.76474609375,2.61474609375,0.26807771009557385,49.49985342356376,-0.006659030914306641,0.5703201293945312,27.05301170349121,27.61474609375,2.905376434326172
k4,12246.887608,2.946924924850464,-16.746551513671875,27.61474609375,300.76474609375,2.61474609375,0.2628970146179199,49.35083006093191,-0.008807182312011719,0.0,27.272554016113283,27.61474609375,2.905376434326172
k4,12247.886008,2.9377851486206055,-16.746994018554688,27.61474609375,300.76474609375,2.61474609375,0.2575206756591797,49.19907031174807,-0.009139776229858398,0.0,27.386618041992186,27.61474609375,2.905376434326172
k4,12248.886608,2.934844493865967,-16.746620178222656,28.17759895324707,301.32759895324705,3.1775989532470703,0.2557908787446863,49.14872602092146,-0.002940654754638672,0.5628528594970703,27.613252639770508,28.17759895324707,3.468229293823242
k4,12249.887008,2.9286816120147705,-16.746261596679688,28.17759895324707,301.32759895324705,3.1775989532470703,0.25216565412633557,49.04446840818491,-0.006162881851196289,0.0,27.83988723754883,28.17759895324707,3.468229293823242
k4,12250.887508,2.9239373207092285,-16.747100830078125,28.17759895324707,301.32759895324705,3.1775989532470703,0.24937489453484027,48.96747313074593,-0.004744291305541992,0.0,27.95245780944824,28.17759895324707,3.468229293823242
k4,12251.886708,2.918699264526367,-16.74724578857422,28.77894401550293,301.9289440155029,3.7789440155029297,0.24629368501551008,48.88017396595387,-0.005238056182861328,0.6013450622558594,28.185297393798827,28.77894401550293,4.069574356079102
k4,12252.886308,2.9146816730499268,-16.747032165527344,28.77894401550293,301.9289440155029,3.7789440155029297,0.2439303959117216,48.812267730840176,-0.00401759147644043,0.0,28.418136978149413,28.77894401550293,4.069574356079102
k4,12253.887608,2.9054512977600098,-16.746856689453125,29.35665463948838,302.5066546394884,4.356654639488397,0.23850076338824103,48.65717650177248,-0.009230375289916992,0.5777106239854497,28.653948115397675,29.35665463948838,4.647284980064551
k4,12254.886108,2.8999178409576416,-16.747474670410156,29.356712341308594,302.50671234130857,4.356712341308594,0.2352457887986127,48.56630058770861,-0.005533456802368164,5.770182021436199e-05,28.88977079300998,29.356712341308594,4.647342681884766
k4,12255.886508,2.8938140869140625,-16.74701690673828,29.356712341308594,302.50671234130857,4.356712341308594,0.23165534524356615,48.46275343850721,-0.0061037540435791016,0.0,29.125593470622285,29.356712341308594,4.647342681884766
k4,12256.886708,2.8871331214904785,-16.746780395507812,29.979845688627396,303.12984568862737,4.9798456886273925,0.2277253655826344,48.35018435819802,-0.006680965423583984,0.6231333473188023,29.365773805247176,29.979845688627396,5.270476029203568
k4,12257.887508,2.8826913833618164,-16.746994018554688,29.979907989501953,303.12990798950193,4.979907989501953,0.22511257844812727,48.27641535449948,-0.004441738128662109,6.230087455705302e-05,29.60596660004698,29.979907989501953,5.270538330078125
k4,12258.886008,2.8777575492858887,-16.746780395507812,29.979907989501953,303.12990798950193,4.979907989501953,0.22221032310934624,48.19317370940553,-0.004933834075927734,0.0,29.7306172700497,29.979907989501953,5.270538330078125
k4,12259.886808,2.872976779937744,-16.747512817382812,30.609357833862305,303.7593578338623,5.609357833862305,0.21939810584573183,48.11521544605057,-0.004780769348144531,0.6294498443603516,29.981146368560438,30.609357833862305,5.899988174438477
k4,12260.886008,2.8692634105682373,-16.7470703125,30.609357833862305,303.7593578338623,5.609357833862305,0.2172137709224925,48.051756081869826,-0.003713369369506836,0.0,30.23167546707118,30.609357833862305,5.899988174438477
k4,12261.887008,2.8652431964874268,-16.746910095214844,30.609357833862305,303.7593578338623,5.609357833862305,0.21484893911025102,47.983970212500935,-0.004020214080810547,0.0,30.357577896118165,30.609357833862305,5.899988174438477
k4,12262.886408,2.8605875968933105,-16.74683380126953,31.21779441833496,304.36779441833494,6.217794418334961,0.21211035111371207,47.90578505914527,-0.004655599594116211,0.6084365844726562,30.605155181884765,31.21779441833496,6.508424758911133
k4,12263.886208,2.8569421768188477,-16.74712371826172,31.21779441833496,304.36779441833494,6.217794418334961,0.20996598636402802,47.84556409110519,-0.0036454200744628906,0.0,30.852732467651368,31.21779441833496,6.508424758911133
k4,12264.886708,2.8515894412994385,-16.747352600097656,31.21779441833496,304.36779441833494,6.217794418334961,0.2068173184114344,47.756573844157174,-0.00535273551940918,0.0,30.974419784545898,31.21779441833496,6.508424758911133
k4,12265.886608,2.8453986644744873,-16.746551513671875,31.921751022338867,305.07175102233884,6.921751022338867,0.2031756849849925,47.65061531155516,-0.006190776824951172,0.7039566040039062,31.23689842224121,31.921751022338867,7.212381362915039
k4,12266.886808,2.8404266834259033,-16.746688842773438,31.921751022338867,305.07175102233884,6.921751022338867,0.20025099025053134,47.567741848044534,-0.004971981048583984,0.0,31.499377059936524,31.921751022338867,7.212381362915039
k4,12267.886408,2.836195230484009,-16.74671173095703,31.921751022338867,305.07175102233884,6.921751022338867,0.19776190028471102,47.49694393763093,-0.004231452941894531,0.0,31.640168380737304,31.921751022338867,7.212381362915039
k4,12268.886008,2.830517530441284,-16.746925354003906,32.53884435720852,305.6888443572085,7.538844357208518,0.19442207673016715,47.402465795499666,-0.005677700042724609,0.6170933348696508,31.904378368512017,32.53884435720852,7.82947469778469
k4,12269.887608,2.8270578384399414,-16.74724578857422,32.53890609741211,305.6889060974121,7.538906097412109,0.1923869637882008,47.34543247886904,-0.0034596920013427734,6.174020359139831e-05,32.168600704327446,32.53890609741211,7.829536437988281
k4,12270.886108,2.822871685028076,-16.747154235839844,33.05612564086914,306.2061256408691,8.05612564086914,0.18992452060475068,47.2750674971503,-0.004186153411865234,0.5172195434570312,32.3954756280335,33.05612564086914,8.346755981445312
k4,12271.886508,2.815392017364502,-16.747085571289062,33.05612564086914,306.2061256408691,8.05612564086914,0.18552471609676582,47.149611031527456,-0.007479667663574219,0.0,32.62235055173956,33.05612564086914,8.346755981445312
k4,12272.886108,2.81130051612854,-16.74694061279297,33.05612564086914,306.2061256408691,8.05612564086914,0.18311795066384706,47.08068278831888,-0.004091501235961914,0.0,32.84922547544561,33.05612564086914,8.346755981445312
k4,12273.886808,2.805633068084717,-16.74732208251953,33.75343221021023,306.9034322102102,8.753432210210235,0.1797841576968922,46.9868406365822,-0.005667448043823242,0.6973065693410874,33.092143046045955,33.75343221021023,9.0440625507864
k4,12274.886708,2.8026976585388184,-16.746498107910156,33.753501892089844,306.9035018920898,8.753501892089844,0.1780574461993049,46.93537103576455,-0.0029354095458984375,6.968187961575723e-05,33.3350622049815,33.753501892089844,9.044132232666016
k4,12275.886708,2.7971363067626953,-16.747314453125,33.753501892089844,306.9035018920898,8.753501892089844,0.17478606280158546,46.84452129760757,-0.005561351776123047,0.0,33.474537455225644,33.753501892089844,9.044132232666016
k4,12276.887107999999,2.7929153442382812,-16.74724578857422,34.39451675880246,307.54451675880244,9.394516758802467,0.1723031436695772,46.77363973663887,-0.0042209625244140625,0.6410148667126165,33.74221567881231,34.39451675880246,9.685147099378632
k4,12277.886708,2.7888143062591553,-16.747283935546875,34.39458084106445,307.54458084106443,9.394580841064453,0.16989076838773837,46.705065030437254,-0.0041010379791259766,6.408226199283718e-05,34.00990671885137,34.39458084106445,9.685211181640625
k4,12278.886608,2.784450054168701,-16.747390747070312,34.39458084106445,307.54458084106443,9.394580841064453,0.16732356127570655,46.632273072864336,-0.0043642520904541016,0.0,34.13813644502221,34.39458084106445,9.685211181640625
k4,12279.886508,2.779350996017456,-16.747482299804688,35.01555908126831,308.16555908126827,10.015559081268293,0.1643241153043859,46.547131610746874,-0.005099058151245117,0.6209782402038542,34.3905478828579,35.01555908126831,10.30618942184448
k4,12280.887508,2.7751431465148926,-16.746994018554688,35.015621185302734,308.1656211853027,10.015621185302734,0.16184890971464266,46.47530567531794,-0.0042078495025634766,6.210403442707957e-05,34.64297174150048,35.015621185302734,10.306251525878906
k4,12281.886608,2.769897222518921,-16.747535705566406,35.015621185302734,308.1656211853027,10.015621185302734,0.15876307206995346,46.388952634884845,-0.00524592399597168,0.0,34.76719262680054,35.015621185302734,10.306251525878906
k4,12282.886708,2.763786554336548,-16.74712371826172,35.65369138734814,308.8036913873481,10.653691387348147,0.1551685613744399,46.28547535634243,-0.006110668182373047,0.6380702020454052,35.01901473605727,35.65369138734814,10.944321727924311
k4,12283.886008,2.7587764263153076,-16.746444702148438,35.65375518798828,308.80375518798826,10.653755187988281,0.15222142724429857,46.19969686887998,-0.005010128021240234,6.380064014166464e-05,35.27084960544204,35.65375518798828,10.944385528564453
k4,12284.887408,2.7489044666290283,-16.746902465820312,35.65375518798828,308.80375518798826,10.653755187988281,0.14641439213472252,46.035634990494145,-0.009871959686279297,0.0,35.398488826786036,35.65375518798828,10.944385528564453
k4,12285.886408,2.744551420211792,-16.746910095214844,36.148197266480345,309.2981972664803,11.148197266480338,0.14385377659517173,45.962755885981096,-0.004353046417236328,0.4944420784920638,35.625004043021555,36.148197266480345,11.438827607056517
k4,12286.886008,2.7189524173736572,-16.746536254882812,36.14824676513672,309.2982467651367,11.148246765136719,0.12879553963156307,45.533035232849215,-0.025599002838134766,4.949865637371431e-05,35.851529158988356,36.14824676513672,11.43887710571289
k4,12287.887008,2.7144968509674072,-16.747726440429688,36.14824676513672,309.2982467651367,11.148246765136719,0.1261746182161219,45.46165068340997,-0.00445556640625,0.0,35.950440234546065,36.14824676513672,11.43887710571289
k4,12288.886608,2.7097785472869873,-16.747726440429688,36.816690324353615,309.9666903243536,11.816690324353601,0.1233991454629337,45.382629824107426,-0.004718303680419922,0.6684435592168967,36.183027261819134,36.816690324353615,12.107320664929787
k4,12289.886508,2.705475091934204,-16.74724578857422,36.81675720214844,309.9667572021484,11.816757202148438,0.12086770113776711,45.30925633948755,-0.004303455352783203,6.687779482206224e-05,36.41562766465116,36.81675720214844,12.10738754272461
k4,12290.886108,2.6999588012695312,-16.747230529785156,37.481590270996094,310.63159027099607,12.481590270996094,0.11762282427619485,45.21683246578323,-0.0055162906646728516,0.6648330688476562,36.68230626555432,37.481590270996094,12.772220611572266
k4,12291.886808,2.6939828395843506,-16.747581481933594,37.481590270996094,310.63159027099607,12.481590270996094,0.1141075526966768,45.11769711686975,-0.005975961685180664,0.0,36.94897496672619,37.481590270996094,12.772220611572266
k4,12292.886708,2.6860485076904297,-16.747154235839844,37.481590270996094,310.63159027099607,12.481590270996094,0.10944029864142922,44.98366864323907,-0.007934331893920898,0.0,37.215643667898064,37.481590270996094,12.772220611572266
k4,12293.886408,2.6762261390686035,-16.746994018554688,38.09146121140122,311.2414612114012,13.091461211401224,0.10366243474623735,44.81874314328161,-0.009822368621826172,0.6098709404051235,37.47059784530759,38.09146121140122,13.382091551977389
k4,12294.886608,2.667065382003784,-16.747215270996094,38.091522216796875,311.24152221679685,13.091522216796875,0.09827375411987303,44.665918094238805,-0.009160757064819336,6.1005395657787176e-05,37.725550848237276,38.091522216796875,13.382152557373047
k4,12295.887008,2.6555862426757812,-16.74744415283203,38.091522216796875,311.24152221679685,13.091522216796875,0.09152131922104778,44.474282292241696,-0.01147913932800293,0.0,37.84753723739743,38.091522216796875,13.382152557373047
k4,12296.886608,2.643906593322754,-16.747802734375,38.6041374206543,311.7541374206543,13.604137420654297,0.08465093724867875,44.27962607308291,-0.011679649353027344,0.5126152038574219,38.072046667329076,38.6041374206543,13.894767761230469
k4,12297.886508,2.6295814514160156,-16.74787139892578,38.6041374206543,311.7541374206543,13.604137420654297,0.07622438318589153,44.03989198131603,-0.014325141906738281,0.0,38.29655609726071,38.6041374206543,13.894767761230469
k4,12298.886608,2.611586809158325,-16.747512817382812,38.6041374206543,311.7541374206543,13.604137420654297,0.06563929950489716,43.73758356008693,-0.01799464225769043,0.0,38.39909133911133,38.6041374206543,13.894767761230469
k4,12299.886208,2.5861330032348633,-16.74756622314453,39.162229013996345,312.31222901399633,14.162229013996352,0.05066647249109604,43.31143373353552,-0.025453805923461914,0.5580915933420485,38.61323269855122,39.162229013996345,14.452859354572517
k4,12300.886408,2.5387024879455566,-16.747940063476562,39.16228485107422,312.3122848510742,14.162284851074219,0.022766169379739198,42.51803710711101,-0.04743051528930664,5.583707787337744e-05,38.827385225406694,39.16228485107422,14.45291519165039
k4,12301.315008,2.499699115753174,-16.748008728027344,39.16228485107422,312.3122848510742,14.162284851074219,-0.0001769907334271599,41.86498260807639,-0.03900337219238281,0.0,38.93901471149068,39.16228485107422,14.45291519165039
k5,12166.242032,3.1090211868286133,-16.746536254882812,25.389220815589276,298.53922081558926,0.3892208155892831,0.35824775695800776,52.06533602242416,-1.0697641372680664,-0.0359672489859193,25.417994614778014,27.154085159301758,0.18924103348478383
k5,12167.241632,3.083723783493042,-16.746795654296875,25.389217376708984,298.53921737670896,0.3892173767089844,0.3433669314664953,51.64249205645319,-0.02529740333557129,-3.4388802916396344e-06,25.41080047720477,27.154085159301758,0.1892375946044922
k5,12168.242132,3.070443630218506,-16.747154235839844,25.389217376708984,298.53921737670896,0.3892173767089844,0.33555507659912104,51.42119304772132,-0.013280153274536133,0.0,25.40360633963153,27.154085159301758,0.1892375946044922
k5,12169.241232,3.060319662094116,-16.74756622314453,25.634214401245117,298.7842144012451,0.6342144012451172,0.329599801231833,51.252906204912506,-0.010123968124389648,0.2449970245361328,25.445411606965514,27.154085159301758,0.434234619140625
k5,12170.241632,3.05024790763855,-16.747177124023438,25.634214401245117,298.7842144012451,0.6342144012451172,0.3236752397873822,51.083041981404676,-0.010071754455566406,0.0,25.4872168742995,27.154085159301758,0.434234619140625
k5,12171.241232,3.0391314029693604,-16.74726104736328,25.634214401245117,298.7842144012451,0.6342144012451172,0.31713611939374137,50.89712696276729,-0.011116504669189453,0.0,25.536215591430665,27.154085159301758,0.434234619140625
k5,12172.242231999999,3.031158685684204,-16.74774932861328,25.951305389404297,299.1013053894043,0.9513053894042969,0.3124462856965906,50.765085843087945,-0.00797271728515625,0.3170909881591797,25.648633193969726,27.154085159301758,0.7513256072998047
k5,12173.241532,3.021393060684204,-16.747161865234375,25.951305389404297,299.1013053894043,0.9513053894042969,0.30670180040247297,50.59975864577427,-0.009765625,0.0,25.76105079650879,27.154085159301758,0.7513256072998047
k5,12174.241132,3.0129518508911133,-16.74712371826172,25.951305389404297,299.1013053894043,0.9513053894042969,0.30173638287712545,50.45827740403911,-0.00844120979309082,0.0,25.824468994140624,27.154085159301758,0.7513256072998047
k5,12175.240732,3.003739833831787,-16.747100830078125,26.364712361766607,299.51471236176656,1.3647123617665784,0.2963175493128159,50.30393386450305,-0.009212017059326172,0.41340697236230994,25.970568586244923,27.154085159301758,1.1647325796621146
k5,12176.241731999999,2.9955177307128906,-16.747299194335938,26.36475372314453,299.5147537231445,1.3647537231445312,0.2914810180664062,50.16683167818701,-0.008222103118896484,4.136137792443151e-05,26.116676450624805,27.154085159301758,1.164773941040039
k5,12177.240931999999,2.984362840652466,-16.746963500976562,26.806922912597656,299.95692291259763,1.8069229125976562,0.28491931803086223,49.97901556607758,-0.011154890060424805,0.442169189453125,26.287799955263477,27.154085159301758,1.606943130493164
k5,12178.240732,2.975886106491089,-16.746749877929688,26.806922912597656,299.95692291259763,1.8069229125976562,0.27993300381828756,49.836420290612296,-0.008476734161376953,0.0,26.45892345990215,27.154085159301758,1.606943130493164
k5,12179.240931999999,2.967439651489258,-16.74724578857422,26.806922912597656,299.95692291259763,1.8069229125976562,0.27496450087603397,49.69644120625162,-0.008446455001831055,0.0,26.63004696454082,27.154085159301758,1.606943130493164
k5,12180.240532,2.9606144428253174,-16.74712371826172,27.298429489135742,300.4484294891357,2.298429489135742,0.2709496722501867,49.581776356068076,-0.00682520866394043,0.49150657653808594,26.81679039001465,27.298429489135742,2.09844970703125
k5,12181.240732,2.952758312225342,-16.7469482421875,27.298429489135742,300.4484294891357,2.298429489135742,0.2663284189560834,49.44969062652672,-0.007856130599975586,0.0,27.00352554321289,27.298429489135742,2.09844970703125
k5,12182.240931999999,2.946408748626709,-16.747512817382812,27.298429489135742,300.4484294891357,2.298429489135742,0.2625933815451229,49.34501828287466,-0.0063495635986328125,0.0,27.101826858520507,27.298429489135742,2.09844970703125
k5,12183.241832,2.938662052154541,-16.746871948242188,27.783232889546976,300.93323288954696,2.78323288954698,0.25803650126737704,49.2133970865907,-0.007746696472167969,0.48480340041123426,27.297088853910374,27.783232889546976,2.5832531074424843
k5,12184.241132,2.9312937259674072,-16.747154235839844,27.783281326293945,300.9332813262939,2.7832813262939453,0.25370219174553366,49.09082813932582,-0.007368326187133789,4.843674696886069e-05,27.49236053664963,27.783281326293945,2.583301544189453
k5,12185.241632,2.922236204147339,-16.746871948242188,27.783281326293945,300.9332813262939,2.7832813262939453,0.24837423773372871,48.9383155133728,-0.00905752182006836,0.0,27.589330904081272,27.783281326293945,2.583301544189453
k5,12186.241931999999,2.9145305156707764,-16.747085571289062,28.292225498205944,301.4422254982059,3.292225498205937,0.24384147980633902,48.80989194607173,-0.0077056884765625,0.5089441719119989,27.78809010589531,28.292225498205944,3.092245716101452
k5,12187.240632,2.9060771465301514,-16.746902465820312,28.29227638244629,301.44227638244627,3.292276382446289,0.23886890972361843,48.66779053108985,-0.008453369140625,5.088424034482841e-05,27.98685948455742,28.29227638244629,3.092296600341797
k5,12188.241032,2.8964860439300537,-16.747352600097656,28.29227638244629,301.44227638244627,3.292276382446289,0.23322708466473746,48.50847307895856,-0.009591102600097656,0.0,28.08866818313728,28.29227638244629,3.092296600341797
k5,12189.240632,2.8880631923675537,-16.746994018554688,28.920164230586337,302.07016423058633,3.9201642305863516,0.22827246609856097,48.36637700778738,-0.0084228515625,0.6278878481400483,28.316044763995762,28.920164230586337,3.720184448481845
k5,12190.241731999999,2.879760265350342,-16.747100830078125,28.92022705078125,302.0702270507812,3.92022705078125,0.22338839138255398,48.22763553027471,-0.008302927017211914,6.282019491266055e-05,28.543433908893224,28.92022705078125,3.720247268676758
k5,12191.241532,2.870043992996216,-16.746902465820312,28.92022705078125,302.0702270507812,3.92022705078125,0.21767293705659752,48.0643468233211,-0.009716272354125977,0.0,28.669034219408285,28.92022705078125,3.720247268676758
k5,12192.241431999999,2.86409068107605,-16.747154235839844,29.47019386291504,302.620193862915,4.470193862915039,0.21417098886826458,47.96536838141219,-0.005953311920166016,0.5499668121337891,28.904617715502035,29.47019386291504,4.270214080810547
k5,12193.241032,2.8569490909576416,-16.747268676757812,29.47019386291504,302.620193862915,4.470193862915039,0.20997005350449505,47.84609402208662,-0.007141590118408203,0.0,29.140201211595787,29.47019386291504,4.270214080810547
k5,12194.240632,2.848924398422241,-16.7470703125,30.05294119840719,303.2029411984072,5.052941198407211,0.2052496461307301,47.71113721537404,-0.00802469253540039,0.5827473354921509,29.366756605159953,30.05294119840719,4.852961416302698
k5,12195.241731999999,2.8407857418060303,-16.74681854248047,30.05299949645996,303.20299949645994,5.052999496459961,0.20046220106237073,47.57412333609136,-0.008138656616210938,5.829805277102196e-05,29.593311094295693,30.05299949645996,4.853019714355469
k5,12196.241132,2.833953619003296,-16.747535705566406,30.05299949645996,303.20299949645994,5.052999496459961,0.1964433052960564,47.461739422176834,-0.006832122802734375,0.0,29.819865583431437,30.05299949645996,4.853019714355469
k5,12197.240632,2.825451612472534,-16.74726104736328,30.667562032900317,303.8175620329003,5.667562032900321,0.1914421249838436,47.318575730771045,-0.008502006530761719,0.6145625364403564,30.059339217428494,30.667562032900317,5.467582250795825
k5,12198.240532,2.8175129890441895,-16.74712371826172,30.66762351989746,303.81762351989744,5.667623519897461,0.186772346496582,47.185238605332415,-0.007938623428344727,6.14869971435894e-05,30.298825148824978,30.66762351989746,5.467643737792969
k5,12199.242132,2.8070578575134277,-16.74744415283203,30.66762351989746,303.81762351989744,5.667623519897461,0.18062226912554571,47.011044702474464,-0.010455131530761719,0.0,30.42176161312303,30.66762351989746,5.467643737792969
k5,12200.241132,2.7992172241210938,-16.74700164794922,31.242501881840948,304.39250188184093,6.242501881840951,0.17601013183593747,46.878495465323795,-0.007840633392333984,0.5748783619434867,30.65966209019923,31.242501881840948,6.0425220997364555
k5,12201.241032,2.7907814979553223,-16.74737548828125,31.2425594329834,304.3925594329834,6.242559432983398,0.17104793997371895,46.73826565200579,-0.008435726165771484,5.755114245076243e-05,30.89757407750392,31.2425594329834,6.042579650878906
k5,12202.240532,2.7822611331939697,-16.746910095214844,31.2425594329834,304.3925594329834,6.242559432983398,0.16603596070233512,46.59427705900998,-0.008520364761352539,0.0,31.012573557520533,31.2425594329834,6.042579650878906
k5,12203.240532,2.771143674850464,-16.74774169921875,31.85507583618164,305.0050758361816,6.855075836181641,0.15949627932380225,46.4103984778194,-0.01111745834350586,0.6125164031982422,31.25006402077737,31.85507583618164,6.655096054077148
k5,12204.241032,2.763823986053467,-16.74774932861328,31.85507583618164,305.0050758361816,6.855075836181641,0.15519058003145103,46.28783130683223,-0.00731968879699707,0.0,31.487554484034206,31.85507583618164,6.655096054077148
k5,12205.241232,2.7543997764587402,-16.748153686523438,31.85507583618164,305.0050758361816,6.855075836181641,0.14964692732867071,46.13111077025678,-0.009424209594726562,0.0,31.610069274902344,31.85507583618164,6.655096054077148
k5,12206.241931999999,2.7444748878479004,-16.747085571289062,32.50862075037159,305.6586207503716,7.50862075037162,0.14380875755758846,45.96195579504274,-0.009924888610839844,0.6535449141899505,31.863281538379983,32.50862075037159,7.308640968267099
k5,12207.241832,2.7325193881988525,-16.747512817382812,32.50868606567383,305.6586860656738,7.508686065673828,0.13677611070520737,45.762903477607324,-0.011955499649047852,6.531530223696791e-05,32.116506864918065,32.50868606567383,7.308706283569336
k5,12208.241931999999,2.7193801403045654,-16.747886657714844,32.50868606567383,305.6586860656738,7.508686065673828,0.1290471413556267,45.54387036906155,-0.01313924789428711,0.0,32.2472289108165,32.50868606567383,7.308706283569336
k5,12209.241532,2.7042112350463867,-16.74774932861328,33.089617781087654,306.23961778108765,8.089617781087668,0.12012425590963924,45.289451896176615,-0.015168905258178711,0.5809317154138256,32.49413729979771,33.089617781087654,7.8896379989831615
k5,12210.241132,2.6854097843170166,-16.74724578857422,33.08967590332031,306.2396759033203,8.089675903320312,0.10906457901000975,44.97321770099916,-0.018801450729370117,5.812223265877492e-05,32.74105731322544,33.08967590332031,7.88969612121582
k5,12211.240732,2.6595370769500732,-16.7471923828125,33.08967590332031,306.2396759033203,8.089675903320312,0.09384533938239602,44.53977907690569,-0.02587270736694336,0.0,32.85726834381519,33.08967590332031,7.88969612121582
k5,12212.242231999999,2.6252927780151367,-16.747581481933594,33.75168991088867,306.90168991088865,8.751689910888672,0.07370163412655101,43.967304713740305,-0.03424429893493652,0.6620140075683594,33.10586911285816,33.75168991088867,8.55171012878418
k5,12213.241731999999,2.557572603225708,-16.74817657470703,33.75168991088867,306.90168991088865,8.751689910888672,0.03386623719159294,42.83467756145728,-0.06772017478942871,0.0,33.354469881901124,33.75168991088867,8.55171012878418
k5,12213.664832,2.499661922454834,-16.74756622314453,33.75168991088867,306.90168991088865,8.751689910888672,-0.00019886914421530328,41.8632535817851,-0.05791068077087402,0.0,33.48688430786133,33.75168991088867,8.55171012878418
